{"@context":"http://greendelta.github.io/olca-schema/context.jsonld","@type":"ImpactMethod","@id":"1d6a5f29-21e6-305a-9173-ec8598e26a70","name":"Impact Potential","description":"These indicators provide estimates of stress or potential impacts on specific environmental and human health aspects. The indicators in this category applied here are from TRACI 2.1 (Bare 2012). See the dataset \u0027USEEIO v1.1 - Elementary Flows and Life Cycle Impact Assessment (LCIA) Characterization Factors\u0027 for details, DOI: 10.23719/1368541","version":"00.00.003","lastChange":"2017-08-18T22:20:32.235-04:00","impactCategories":[{"@type":"ImpactCategory","@id":"0a08dcc1-4417-318e-a06c-fb900b38ebe0","name":"OZON"},{"@type":"ImpactCategory","@id":"3a9963aa-b7a3-3acf-841a-7dcf318b3c86","name":"EUTR"},{"@type":"ImpactCategory","@id":"e3d292a6-8338-3094-bd65-108b84fa847a","name":"SMOG"},{"@type":"ImpactCategory","@id":"1ae50c15-a4ee-3c79-9451-181c3f317563","name":"HNC"},{"@type":"ImpactCategory","@id":"a7e99507-d233-3efe-9cc9-3c166ff61613","name":"ETOX"},{"@type":"ImpactCategory","@id":"dc2d5889-cdf8-3706-81a7-1504cc1121f1","name":"HC"},{"@type":"ImpactCategory","@id":"099fff40-4454-337f-838a-d67aa75b8e8d","name":"HRSP"},{"@type":"ImpactCategory","@id":"d64a7755-8b8e-3a34-818d-994499bc2afd","name":"GCC"},{"@type":"ImpactCategory","@id":"50f885f8-9516-36cf-bc41-50cfa459e478","name":"HTOX"},{"@type":"ImpactCategory","@id":"d7ed5c81-39ba-34dc-b7bd-22131aa511de","name":"ACID"}]}