{"@context":"http://greendelta.github.io/olca-schema/context.jsonld","@type":"ImpactMethod","@id":"c62bc841-e860-3abd-ace0-ffe6bf14e3aa","name":"Resource Use","description":"Usage or occupation or primary energy, land or water resources, without consideration of potential impacts, resource scarcity, or resource value, See the dataset \u0027USEEIO v1.1 - Elementary Flows and Life Cycle Impact Assessment (LCIA) Characterization Factors\u0027 for details, DOI: 10.23719/1368541","version":"00.00.002","lastChange":"2017-08-18T22:21:41.119-04:00","impactCategories":[{"@type":"ImpactCategory","@id":"9ed50744-6a6b-3b55-9b33-8b4c10b1178a","name":"NREN"},{"@type":"ImpactCategory","@id":"e5bee672-ac2b-366c-945b-bf6dfa3ad11d","name":"ENRG"},{"@type":"ImpactCategory","@id":"6c1c41b6-8ce6-3f9f-96ce-f121497d4cf3","name":"LAND"},{"@type":"ImpactCategory","@id":"c6ba7b47-b2e4-31b3-8fe0-47fb70493eb5","name":"MINE"},{"@type":"ImpactCategory","@id":"c0e7a1ae-54b9-39f4-aa28-cbc21a8cc6f8","name":"REN"},{"@type":"ImpactCategory","@id":"2402336a-72ef-3b1a-95ca-1c6cd0690f70","name":"WATR"}]}