{"@context":"http://greendelta.github.io/olca-schema/context.jsonld","@type":"UnitGroup","@id":"326eb58b-e5b3-4cea-b45a-2398c25109f8","name":"Units of length*time","version":"00.00.000","category":{"@type":"Category","@id":"00d44049-4768-313c-b2a5-c2d545f8e0ec","name":"Technical unit groups"},"units":[{"@type":"Unit","@id":"7d082bce-60f5-4588-86bb-56e0dff1c8a8","name":"mi*a","description":"Miles * year","version":"00.00.000","conversionFactor":1609.35,"synonyms":["miy"]},{"@type":"Unit","@id":"8cbb4edb-d76c-41f7-8b30-cc789217c954","name":"km*a","description":"Kilometres * year","version":"00.00.000","conversionFactor":1000.0,"synonyms":["kmy"]},{"@type":"Unit","@id":"f7fe0af2-e764-4984-bb9f-2cbff6cd2f18","name":"m*a","description":"Metre times year","version":"00.00.000","referenceUnit":true,"conversionFactor":1.0,"synonyms":["ma","my"]}],"defaultFlowProperty":{"@type":"FlowProperty","@id":"b7ffb330-95a8-4815-a78c-47fcdee3b768","name":"Length*time"}}