{"@context":"http://greendelta.github.io/olca-schema/context.jsonld","@type":"Flow","@id":"01201617-daf6-3be2-abc3-5e21ab8adfb6","name":"Home healthcare","version":"00.00.000","category":{"@type":"Category","@id":"0caa3b06-5c33-335d-8def-45dd8a0ced82","name":"6216: Home Health Care Services"},"flowType":"PRODUCT_FLOW","infrastructureFlow":false,"location":{"@type":"Location","@id":"0b3b97fa-6688-3c56-88ee-4ae80ec0c3c2","name":"United States"},"flowProperties":[{"@type":"FlowPropertyFactor","referenceFlowProperty":true,"flowProperty":{"@type":"FlowProperty","@id":"b0682037-e878-4be4-a63a-a7a81053a691","name":"Producer Price US 2013"},"conversionFactor":1.0}]}