{"@context":"http://greendelta.github.io/olca-schema/context.jsonld","@type":"Flow","@id":"039e3be7-eea8-383f-a670-89038edebf2d","name":"Abrasive products; at manufacturer","version":"00.00.000","category":{"@type":"Category","@id":"6f8b99c4-b14f-360f-a600-7c936a7046a0","name":"3279: Other Nonmetallic Mineral Product Manufacturing"},"flowType":"PRODUCT_FLOW","infrastructureFlow":false,"location":{"@type":"Location","@id":"0b3b97fa-6688-3c56-88ee-4ae80ec0c3c2","name":"United States"},"flowProperties":[{"@type":"FlowPropertyFactor","referenceFlowProperty":true,"flowProperty":{"@type":"FlowProperty","@id":"b0682037-e878-4be4-a63a-a7a81053a691","name":"Producer Price US 2013"},"conversionFactor":1.0}]}