{"@context":"http://greendelta.github.io/olca-schema/context.jsonld","@type":"Flow","@id":"057a113b-25d1-3fcc-b01f-66eac4fb9392","name":"Single-family homes","version":"00.00.000","category":{"@type":"Category","@id":"09832bbb-350f-3edf-8e8d-32020c8f85c5","name":"23: Construction"},"flowType":"PRODUCT_FLOW","infrastructureFlow":false,"location":{"@type":"Location","@id":"0b3b97fa-6688-3c56-88ee-4ae80ec0c3c2","name":"United States"},"flowProperties":[{"@type":"FlowPropertyFactor","referenceFlowProperty":true,"flowProperty":{"@type":"FlowProperty","@id":"b0682037-e878-4be4-a63a-a7a81053a691","name":"Producer Price US 2013"},"conversionFactor":1.0}]}