{"@context":"http://greendelta.github.io/olca-schema/context.jsonld","@type":"Flow","@id":"062a6faf-b1a5-4a6a-aa02-47ae3ec566a8","name":"Occupation, traffic area, rail network","version":"00.00.000","category":{"@type":"Category","@id":"5872f1f0-02f0-3c23-89c2-2f7dc77e3031","name":"land"},"flowType":"ELEMENTARY_FLOW","cas":"","infrastructureFlow":false,"flowProperties":[{"@type":"FlowPropertyFactor","referenceFlowProperty":true,"flowProperty":{"@type":"FlowProperty","@id":"93a60a56-a3c8-21da-a746-0800200c9a66","name":"Area*time"},"conversionFactor":1.0}]}