{"@context":"http://greendelta.github.io/olca-schema/context.jsonld","@type":"Flow","@id":"09c4e177-a9a2-333b-b872-0eb23e9e9604","name":"Energy, biomass","version":"00.00.000","category":{"@type":"Category","@id":"a9a7aa43-0fe5-3cdb-830e-01fb5274a694","name":"resource"},"flowType":"ELEMENTARY_FLOW","cas":"","infrastructureFlow":false,"flowProperties":[{"@type":"FlowPropertyFactor","referenceFlowProperty":true,"flowProperty":{"@type":"FlowProperty","@id":"f6811440-ee37-11de-8a39-0800200c9a66","name":"Energy"},"conversionFactor":1.0}]}