{"@context":"http://greendelta.github.io/olca-schema/context.jsonld","@type":"Flow","@id":"0a5e8a67-f9ae-48b3-bfa7-e9d37c30a191","name":"copper","version":"00.00.000","category":{"@type":"Category","@id":"7149fe4e-829a-3c4c-a80a-83b32bcdeb3e","name":"industrial"},"flowType":"ELEMENTARY_FLOW","cas":"7440508.0","infrastructureFlow":false,"flowProperties":[{"@type":"FlowPropertyFactor","referenceFlowProperty":true,"flowProperty":{"@type":"FlowProperty","@id":"93a60a56-a3c8-11da-a746-0800200b9a66","name":"Mass"},"conversionFactor":1.0}]}