{"@context":"http://greendelta.github.io/olca-schema/context.jsonld","@type":"Flow","@id":"0d64c6fe-4989-3e4e-a83a-5fae30e3ebdb","name":"Veneer, plywood, and engineered wood; at manufacturer","version":"00.00.000","category":{"@type":"Category","@id":"b8362b57-38d0-3296-aa02-f5cc4d910525","name":"3219: Other Wood Product Manufacturing"},"flowType":"PRODUCT_FLOW","infrastructureFlow":false,"location":{"@type":"Location","@id":"0b3b97fa-6688-3c56-88ee-4ae80ec0c3c2","name":"United States"},"flowProperties":[{"@type":"FlowPropertyFactor","referenceFlowProperty":true,"flowProperty":{"@type":"FlowProperty","@id":"b0682037-e878-4be4-a63a-a7a81053a691","name":"Producer Price US 2013"},"conversionFactor":1.0}]}