{"@context":"http://greendelta.github.io/olca-schema/context.jsonld","@type":"Flow","@id":"154098c7-c3cd-4ef1-a2ab-17aad001c0d9","name":"Kresoxim-methyl","version":"00.00.000","category":{"@type":"Category","@id":"9b4b2d0b-80d8-3f06-9f51-4bd649baab05","name":"unspecified"},"flowType":"ELEMENTARY_FLOW","cas":"","infrastructureFlow":false,"flowProperties":[{"@type":"FlowPropertyFactor","referenceFlowProperty":true,"flowProperty":{"@type":"FlowProperty","@id":"93a60a56-a3c8-11da-a746-0800200b9a66","name":"Mass"},"conversionFactor":1.0}]}