{"@context":"http://greendelta.github.io/olca-schema/context.jsonld","@type":"Flow","@id":"155dd8e3-c725-40e4-a35a-bfdf41b89c44","name":"Ethane, 1,1-dichloro-1-fluoro-, HCFC-141b","version":"00.00.000","category":{"@type":"Category","@id":"9b4b2d0b-80d8-3f06-9f51-4bd649baab05","name":"unspecified"},"flowType":"ELEMENTARY_FLOW","cas":"1717006.0","infrastructureFlow":false,"flowProperties":[{"@type":"FlowPropertyFactor","referenceFlowProperty":true,"flowProperty":{"@type":"FlowProperty","@id":"93a60a56-a3c8-11da-a746-0800200b9a66","name":"Mass"},"conversionFactor":1.0}]}