{"@context":"http://greendelta.github.io/olca-schema/context.jsonld","@type":"Flow","@id":"164becf3-2554-3c96-b989-5120dd91a3c9","name":"Buildings and dwellings services","version":"00.00.000","category":{"@type":"Category","@id":"1f30b9fd-c276-3a33-b350-870e03f6cf7f","name":"5617: Services to Buildings and Dwellings"},"flowType":"PRODUCT_FLOW","infrastructureFlow":false,"location":{"@type":"Location","@id":"0b3b97fa-6688-3c56-88ee-4ae80ec0c3c2","name":"United States"},"flowProperties":[{"@type":"FlowPropertyFactor","referenceFlowProperty":true,"flowProperty":{"@type":"FlowProperty","@id":"b0682037-e878-4be4-a63a-a7a81053a691","name":"Producer Price US 2013"},"conversionFactor":1.0}]}