{"@context":"http://greendelta.github.io/olca-schema/context.jsonld","@type":"Flow","@id":"169c4fbb-c518-39e0-8344-3162382887c2","name":"Environmental and other technical consulting services","version":"00.00.000","category":{"@type":"Category","@id":"8531cba3-f7dd-387e-8f82-5e8027478e01","name":"5416: Management, Scientific, and Technical Consulting Services"},"flowType":"PRODUCT_FLOW","infrastructureFlow":false,"location":{"@type":"Location","@id":"0b3b97fa-6688-3c56-88ee-4ae80ec0c3c2","name":"United States"},"flowProperties":[{"@type":"FlowPropertyFactor","referenceFlowProperty":true,"flowProperty":{"@type":"FlowProperty","@id":"b0682037-e878-4be4-a63a-a7a81053a691","name":"Producer Price US 2013"},"conversionFactor":1.0}]}