{"@context":"http://greendelta.github.io/olca-schema/context.jsonld","@type":"Flow","@id":"1fb0a77a-d49c-3557-810c-a4db0e73bab6","name":"Cutlery and handtools; at manufacturer","version":"00.00.000","category":{"@type":"Category","@id":"dfc4ba47-cd34-365f-bb85-9bdc54d66371","name":"3322: Cutlery and Handtool Manufacturing"},"flowType":"PRODUCT_FLOW","infrastructureFlow":false,"location":{"@type":"Location","@id":"0b3b97fa-6688-3c56-88ee-4ae80ec0c3c2","name":"United States"},"flowProperties":[{"@type":"FlowPropertyFactor","referenceFlowProperty":true,"flowProperty":{"@type":"FlowProperty","@id":"b0682037-e878-4be4-a63a-a7a81053a691","name":"Producer Price US 2013"},"conversionFactor":1.0}]}