{"@context":"http://greendelta.github.io/olca-schema/context.jsonld","@type":"Flow","@id":"22f98325-fa96-3c86-bf83-b4fdcf37c356","name":"Insurance carriers","version":"00.00.000","category":{"@type":"Category","@id":"a6525fbd-cbd3-3f72-9762-2d12c7a55847","name":"5241: Insurance Carriers"},"flowType":"PRODUCT_FLOW","infrastructureFlow":false,"location":{"@type":"Location","@id":"0b3b97fa-6688-3c56-88ee-4ae80ec0c3c2","name":"United States"},"flowProperties":[{"@type":"FlowPropertyFactor","referenceFlowProperty":true,"flowProperty":{"@type":"FlowProperty","@id":"b0682037-e878-4be4-a63a-a7a81053a691","name":"Producer Price US 2013"},"conversionFactor":1.0}]}