{"@context":"http://greendelta.github.io/olca-schema/context.jsonld","@type":"Flow","@id":"25322d32-24f9-4c36-9a74-abd83882e659","name":"Benzene, pentachloro-","version":"00.00.000","category":{"@type":"Category","@id":"510a9aeb-6282-3ea9-8628-427f708b7ec4","name":"unspecified"},"flowType":"ELEMENTARY_FLOW","cas":"608935.0","infrastructureFlow":false,"flowProperties":[{"@type":"FlowPropertyFactor","referenceFlowProperty":true,"flowProperty":{"@type":"FlowProperty","@id":"93a60a56-a3c8-11da-a746-0800200b9a66","name":"Mass"},"conversionFactor":1.0}]}