{"@context":"http://greendelta.github.io/olca-schema/context.jsonld","@type":"Flow","@id":"253e3aa6-bff9-3f9b-aadd-78e96461be7e","name":"Communication and energy wire and cable; at manufacturer","version":"00.00.000","category":{"@type":"Category","@id":"35eac58f-838c-331a-9864-8c9aad57248d","name":"3359: Other Electrical Equipment and Component Manufacturing"},"flowType":"PRODUCT_FLOW","infrastructureFlow":false,"location":{"@type":"Location","@id":"0b3b97fa-6688-3c56-88ee-4ae80ec0c3c2","name":"United States"},"flowProperties":[{"@type":"FlowPropertyFactor","referenceFlowProperty":true,"flowProperty":{"@type":"FlowProperty","@id":"b0682037-e878-4be4-a63a-a7a81053a691","name":"Producer Price US 2013"},"conversionFactor":1.0}]}