{"@context":"http://greendelta.github.io/olca-schema/context.jsonld","@type":"Flow","@id":"26bed504-3f97-3a2b-aa83-ffbe94f3b371","name":"Frozen food; at manufacturer","version":"00.00.000","category":{"@type":"Category","@id":"14acb2f7-f854-3d82-a717-70ba723bcc8e","name":"3114: Fruit and Vegetable Preserving and Specialty Food Manufacturing"},"flowType":"PRODUCT_FLOW","infrastructureFlow":false,"location":{"@type":"Location","@id":"0b3b97fa-6688-3c56-88ee-4ae80ec0c3c2","name":"United States"},"flowProperties":[{"@type":"FlowPropertyFactor","referenceFlowProperty":true,"flowProperty":{"@type":"FlowProperty","@id":"b0682037-e878-4be4-a63a-a7a81053a691","name":"Producer Price US 2013"},"conversionFactor":1.0}]}