{"@context":"http://greendelta.github.io/olca-schema/context.jsonld","@type":"Flow","@id":"26c4a2fb-da18-46a3-98db-6c9a11e47556","name":"2,2-BIS(4-HYDROXY-3,5-DIBROMOPHENYL)PROPANE","version":"00.00.000","category":{"@type":"Category","@id":"510a9aeb-6282-3ea9-8628-427f708b7ec4","name":"unspecified"},"flowType":"ELEMENTARY_FLOW","cas":"79947.0","infrastructureFlow":false,"flowProperties":[{"@type":"FlowPropertyFactor","referenceFlowProperty":true,"flowProperty":{"@type":"FlowProperty","@id":"93a60a56-a3c8-11da-a746-0800200b9a66","name":"Mass"},"conversionFactor":1.0}]}