{"@context":"http://greendelta.github.io/olca-schema/context.jsonld","@type":"Flow","@id":"27cf9ffd-e1bc-3b38-bb02-81dc52323a78","name":"Other transportation equipment; at manufacturer","version":"00.00.000","category":{"@type":"Category","@id":"8ffd9d74-059c-313d-9b94-dc6b0498866a","name":"3369: Other Transportation Equipment Manufacturing"},"flowType":"PRODUCT_FLOW","infrastructureFlow":false,"location":{"@type":"Location","@id":"0b3b97fa-6688-3c56-88ee-4ae80ec0c3c2","name":"United States"},"flowProperties":[{"@type":"FlowPropertyFactor","referenceFlowProperty":true,"flowProperty":{"@type":"FlowProperty","@id":"b0682037-e878-4be4-a63a-a7a81053a691","name":"Producer Price US 2013"},"conversionFactor":1.0}]}