{"@context":"http://greendelta.github.io/olca-schema/context.jsonld","@type":"Flow","@id":"2cf4b2c3-bba2-322f-bffa-48ebf8d32779","name":"Plastics and rubber industry machinery; at manufacturer","version":"00.00.000","category":{"@type":"Category","@id":"35ea0e5b-8fc9-3f74-a889-a1025789fed1","name":"3332: Industrial Machinery Manufacturing"},"flowType":"PRODUCT_FLOW","infrastructureFlow":false,"location":{"@type":"Location","@id":"0b3b97fa-6688-3c56-88ee-4ae80ec0c3c2","name":"United States"},"flowProperties":[{"@type":"FlowPropertyFactor","referenceFlowProperty":true,"flowProperty":{"@type":"FlowProperty","@id":"b0682037-e878-4be4-a63a-a7a81053a691","name":"Producer Price US 2013"},"conversionFactor":1.0}]}