{"@context":"http://greendelta.github.io/olca-schema/context.jsonld","@type":"Flow","@id":"34431765-149e-34b4-a59c-caf1693a903c","name":"Dental laboratories; at manufacturer","version":"00.00.000","category":{"@type":"Category","@id":"21432206-e0b2-3251-ba3d-56fbf5cdc001","name":"3391: Medical Equipment and Supplies Manufacturing"},"flowType":"PRODUCT_FLOW","infrastructureFlow":false,"location":{"@type":"Location","@id":"0b3b97fa-6688-3c56-88ee-4ae80ec0c3c2","name":"United States"},"flowProperties":[{"@type":"FlowPropertyFactor","referenceFlowProperty":true,"flowProperty":{"@type":"FlowProperty","@id":"b0682037-e878-4be4-a63a-a7a81053a691","name":"Producer Price US 2013"},"conversionFactor":1.0}]}