{"@context":"http://greendelta.github.io/olca-schema/context.jsonld","@type":"Flow","@id":"3449ca3d-d54d-3771-91cd-810338de71e8","name":"State and local government","version":"00.00.000","category":{"@type":"Category","@id":"c790417b-41e9-3a94-9591-bbb6bbb0a4c8","name":"Government"},"flowType":"PRODUCT_FLOW","infrastructureFlow":false,"location":{"@type":"Location","@id":"0b3b97fa-6688-3c56-88ee-4ae80ec0c3c2","name":"United States"},"flowProperties":[{"@type":"FlowPropertyFactor","referenceFlowProperty":true,"flowProperty":{"@type":"FlowProperty","@id":"b0682037-e878-4be4-a63a-a7a81053a691","name":"Producer Price US 2013"},"conversionFactor":1.0}]}