{"@context":"http://greendelta.github.io/olca-schema/context.jsonld","@type":"Flow","@id":"38a037a3-47a7-4df7-a986-84e60f50f62e","name":"Potassium","version":"00.00.000","category":{"@type":"Category","@id":"8e6ddbf4-dcee-31e2-acd1-1f1c2694a66d","name":"in ground"},"flowType":"ELEMENTARY_FLOW","cas":"7440097.0","infrastructureFlow":false,"flowProperties":[{"@type":"FlowPropertyFactor","referenceFlowProperty":true,"flowProperty":{"@type":"FlowProperty","@id":"93a60a56-a3c8-11da-a746-0800200b9a66","name":"Mass"},"conversionFactor":1.0}]}