{"@context":"http://greendelta.github.io/olca-schema/context.jsonld","@type":"Flow","@id":"3a512545-3e3a-4146-9231-09a6af27f902","name":"dicyclopentadiene","version":"00.00.000","category":{"@type":"Category","@id":"510a9aeb-6282-3ea9-8628-427f708b7ec4","name":"unspecified"},"flowType":"ELEMENTARY_FLOW","cas":"77736.0","infrastructureFlow":false,"flowProperties":[{"@type":"FlowPropertyFactor","referenceFlowProperty":true,"flowProperty":{"@type":"FlowProperty","@id":"93a60a56-a3c8-11da-a746-0800200b9a66","name":"Mass"},"conversionFactor":1.0}]}