{"@context":"http://greendelta.github.io/olca-schema/context.jsonld","@type":"Flow","@id":"3afbc2d8-1b51-4d43-87a7-e68291c1e999","name":"Occupation, permanent crop, fruit, intensive","version":"00.00.000","category":{"@type":"Category","@id":"5872f1f0-02f0-3c23-89c2-2f7dc77e3031","name":"land"},"flowType":"ELEMENTARY_FLOW","cas":"","infrastructureFlow":false,"flowProperties":[{"@type":"FlowPropertyFactor","referenceFlowProperty":true,"flowProperty":{"@type":"FlowProperty","@id":"93a60a56-a3c8-21da-a746-0800200c9a66","name":"Area*time"},"conversionFactor":1.0}]}