{"@context":"http://greendelta.github.io/olca-schema/context.jsonld","@type":"Flow","@id":"3c14185c-f772-3306-b01c-aa0c2317fd5d","name":"Rubber and plastic belts and hoses; at manufacturer","version":"00.00.000","category":{"@type":"Category","@id":"6765ad16-5faf-3a27-9cc7-5762323745bc","name":"3262: Rubber Product Manufacturing"},"flowType":"PRODUCT_FLOW","infrastructureFlow":false,"location":{"@type":"Location","@id":"0b3b97fa-6688-3c56-88ee-4ae80ec0c3c2","name":"United States"},"flowProperties":[{"@type":"FlowPropertyFactor","referenceFlowProperty":true,"flowProperty":{"@type":"FlowProperty","@id":"b0682037-e878-4be4-a63a-a7a81053a691","name":"Producer Price US 2013"},"conversionFactor":1.0}]}