{"@context":"http://greendelta.github.io/olca-schema/context.jsonld","@type":"Flow","@id":"3ca78862-4183-33ea-96b4-5b972d3c8cee","name":"Vending, commercial laundry, and other commercial and service industry machinery; at manufacturer","version":"00.00.000","category":{"@type":"Category","@id":"e5b1cb56-cdff-32d4-b63c-19ed490a4091","name":"3333: Commercial and Service Industry Machinery Manufacturing"},"flowType":"PRODUCT_FLOW","infrastructureFlow":false,"location":{"@type":"Location","@id":"0b3b97fa-6688-3c56-88ee-4ae80ec0c3c2","name":"United States"},"flowProperties":[{"@type":"FlowPropertyFactor","referenceFlowProperty":true,"flowProperty":{"@type":"FlowProperty","@id":"b0682037-e878-4be4-a63a-a7a81053a691","name":"Producer Price US 2013"},"conversionFactor":1.0}]}