{"@context":"http://greendelta.github.io/olca-schema/context.jsonld","@type":"Flow","@id":"3eae66d8-4f6c-379c-b68b-c2bd03220f31","name":"Speed changers, industrial high-speed drives, and gears; at manufacturer","version":"00.00.000","category":{"@type":"Category","@id":"f49a86fa-14c7-31ee-8a60-073b176399f5","name":"3336: Engine, Turbine, and Power Transmission Equipment Manufacturing"},"flowType":"PRODUCT_FLOW","infrastructureFlow":false,"location":{"@type":"Location","@id":"0b3b97fa-6688-3c56-88ee-4ae80ec0c3c2","name":"United States"},"flowProperties":[{"@type":"FlowPropertyFactor","referenceFlowProperty":true,"flowProperty":{"@type":"FlowProperty","@id":"b0682037-e878-4be4-a63a-a7a81053a691","name":"Producer Price US 2013"},"conversionFactor":1.0}]}