{"@context":"http://greendelta.github.io/olca-schema/context.jsonld","@type":"Flow","@id":"409708f1-251c-3bd2-884b-2848b68645c1","name":"Funerary services","version":"00.00.000","category":{"@type":"Category","@id":"bdf7e6f3-95e4-33da-bbd8-4f00b68d9ef2","name":"8122: Death Care Services"},"flowType":"PRODUCT_FLOW","infrastructureFlow":false,"location":{"@type":"Location","@id":"0b3b97fa-6688-3c56-88ee-4ae80ec0c3c2","name":"United States"},"flowProperties":[{"@type":"FlowPropertyFactor","referenceFlowProperty":true,"flowProperty":{"@type":"FlowProperty","@id":"b0682037-e878-4be4-a63a-a7a81053a691","name":"Producer Price US 2013"},"conversionFactor":1.0}]}