{"@context":"http://greendelta.github.io/olca-schema/context.jsonld","@type":"Flow","@id":"41de1b40-7fcf-3b70-945e-0f4803c338ce","name":"Poultry farms","version":"00.00.000","category":{"@type":"Category","@id":"737045f1-55b7-330e-932a-85f6277434a9","name":"1123: Poultry and Egg Production"},"flowType":"PRODUCT_FLOW","infrastructureFlow":false,"location":{"@type":"Location","@id":"0b3b97fa-6688-3c56-88ee-4ae80ec0c3c2","name":"United States"},"flowProperties":[{"@type":"FlowPropertyFactor","referenceFlowProperty":true,"flowProperty":{"@type":"FlowProperty","@id":"b0682037-e878-4be4-a63a-a7a81053a691","name":"Producer Price US 2013"},"conversionFactor":1.0}]}