{"@context":"http://greendelta.github.io/olca-schema/context.jsonld","@type":"Flow","@id":"422ffc17-d3be-38ef-a6a4-cc00a0319e47","name":"Metal plumbing drains, faucets, valves, and other fittings; at manufacturer","version":"00.00.000","category":{"@type":"Category","@id":"085e52a5-aa96-3ba8-873d-152e11b9bb34","name":"3329: Other Fabricated Metal Product Manufacturing"},"flowType":"PRODUCT_FLOW","infrastructureFlow":false,"location":{"@type":"Location","@id":"0b3b97fa-6688-3c56-88ee-4ae80ec0c3c2","name":"United States"},"flowProperties":[{"@type":"FlowPropertyFactor","referenceFlowProperty":true,"flowProperty":{"@type":"FlowProperty","@id":"b0682037-e878-4be4-a63a-a7a81053a691","name":"Producer Price US 2013"},"conversionFactor":1.0}]}