{"@context":"http://greendelta.github.io/olca-schema/context.jsonld","@type":"Flow","@id":"485db191-c116-39ed-b70f-31a8f3b72f4c","name":"Paper bags and coated paper; at manufacturer","version":"00.00.000","category":{"@type":"Category","@id":"3ffa77ca-9635-3dd5-85ba-d887dae1ed3c","name":"3222: Converted Paper Product Manufacturing"},"flowType":"PRODUCT_FLOW","infrastructureFlow":false,"location":{"@type":"Location","@id":"0b3b97fa-6688-3c56-88ee-4ae80ec0c3c2","name":"United States"},"flowProperties":[{"@type":"FlowPropertyFactor","referenceFlowProperty":true,"flowProperty":{"@type":"FlowProperty","@id":"b0682037-e878-4be4-a63a-a7a81053a691","name":"Producer Price US 2013"},"conversionFactor":1.0}]}