{"@context":"http://greendelta.github.io/olca-schema/context.jsonld","@type":"Flow","@id":"4c892c94-8ebd-3c5d-8d6c-1d73a74b3a27","name":"4-CHLOROANILINE","version":"00.00.000","category":{"@type":"Category","@id":"9b4b2d0b-80d8-3f06-9f51-4bd649baab05","name":"unspecified"},"flowType":"ELEMENTARY_FLOW","cas":"106478.0","infrastructureFlow":false,"flowProperties":[{"@type":"FlowPropertyFactor","referenceFlowProperty":true,"flowProperty":{"@type":"FlowProperty","@id":"93a60a56-a3c8-11da-a746-0800200b9a66","name":"Mass"},"conversionFactor":1.0}]}