{"@context":"http://greendelta.github.io/olca-schema/context.jsonld","@type":"Flow","@id":"4d81f2d8-1e44-44d0-8439-a1121c8bce27","name":"Sodium carbonate","version":"00.00.000","category":{"@type":"Category","@id":"8e6ddbf4-dcee-31e2-acd1-1f1c2694a66d","name":"in ground"},"flowType":"ELEMENTARY_FLOW","cas":"497198.0","infrastructureFlow":false,"flowProperties":[{"@type":"FlowPropertyFactor","referenceFlowProperty":true,"flowProperty":{"@type":"FlowProperty","@id":"93a60a56-a3c8-11da-a746-0800200b9a66","name":"Mass"},"conversionFactor":1.0}]}