{"@context":"http://greendelta.github.io/olca-schema/context.jsonld","@type":"Flow","@id":"523bc820-1a75-3b63-97ae-821ec5ea0d9b","name":"Electronic  equipment repair and maintenance","version":"00.00.000","category":{"@type":"Category","@id":"6659d2cc-2a50-3544-a0e9-683fa223d386","name":"8112: Electronic and Precision Equipment Repair and Maintenance"},"flowType":"PRODUCT_FLOW","infrastructureFlow":false,"location":{"@type":"Location","@id":"0b3b97fa-6688-3c56-88ee-4ae80ec0c3c2","name":"United States"},"flowProperties":[{"@type":"FlowPropertyFactor","referenceFlowProperty":true,"flowProperty":{"@type":"FlowProperty","@id":"b0682037-e878-4be4-a63a-a7a81053a691","name":"Producer Price US 2013"},"conversionFactor":1.0}]}