{"@context":"http://greendelta.github.io/olca-schema/context.jsonld","@type":"Flow","@id":"54992191-b14d-4557-b41c-f1d066b39687","name":"cumene","version":"00.00.000","category":{"@type":"Category","@id":"7149fe4e-829a-3c4c-a80a-83b32bcdeb3e","name":"industrial"},"flowType":"ELEMENTARY_FLOW","cas":"98828.0","infrastructureFlow":false,"flowProperties":[{"@type":"FlowPropertyFactor","referenceFlowProperty":true,"flowProperty":{"@type":"FlowProperty","@id":"93a60a56-a3c8-11da-a746-0800200b9a66","name":"Mass"},"conversionFactor":1.0}]}