{"@context":"http://greendelta.github.io/olca-schema/context.jsonld","@type":"Flow","@id":"5915a4c2-4606-331b-a8d7-9a64255149a5","name":"MESOSULFURON-METHYL","version":"00.00.000","category":{"@type":"Category","@id":"3843d1e7-0aec-383c-bcd0-1d88dd479774","name":"low population density"},"flowType":"ELEMENTARY_FLOW","cas":"","infrastructureFlow":false,"flowProperties":[{"@type":"FlowPropertyFactor","referenceFlowProperty":true,"flowProperty":{"@type":"FlowProperty","@id":"93a60a56-a3c8-11da-a746-0800200b9a66","name":"Mass"},"conversionFactor":1.0}]}