{"@context":"http://greendelta.github.io/olca-schema/context.jsonld","@type":"Flow","@id":"64bacbdc-7e5c-35ed-83aa-a619f5c990cf","name":"Wineries and wine; at manufacturer","version":"00.00.000","category":{"@type":"Category","@id":"f5806428-89c0-3068-9948-15fbec7618f4","name":"3121: Beverage Manufacturing"},"flowType":"PRODUCT_FLOW","infrastructureFlow":false,"location":{"@type":"Location","@id":"0b3b97fa-6688-3c56-88ee-4ae80ec0c3c2","name":"United States"},"flowProperties":[{"@type":"FlowPropertyFactor","referenceFlowProperty":true,"flowProperty":{"@type":"FlowProperty","@id":"b0682037-e878-4be4-a63a-a7a81053a691","name":"Producer Price US 2013"},"conversionFactor":1.0}]}