{"@context":"http://greendelta.github.io/olca-schema/context.jsonld","@type":"Flow","@id":"655dd821-b158-3357-96bc-21ac86a37fb0","name":"Lime and gypsum products; at manufacturer","version":"00.00.000","category":{"@type":"Category","@id":"6d6d4399-8828-33a7-8d52-346b3bc9df82","name":"3274: Lime and Gypsum Product Manufacturing"},"flowType":"PRODUCT_FLOW","infrastructureFlow":false,"location":{"@type":"Location","@id":"0b3b97fa-6688-3c56-88ee-4ae80ec0c3c2","name":"United States"},"flowProperties":[{"@type":"FlowPropertyFactor","referenceFlowProperty":true,"flowProperty":{"@type":"FlowProperty","@id":"b0682037-e878-4be4-a63a-a7a81053a691","name":"Producer Price US 2013"},"conversionFactor":1.0}]}