{"@context":"http://greendelta.github.io/olca-schema/context.jsonld","@type":"Flow","@id":"6b7825e8-c655-37e1-923d-cb7d83920f2f","name":"2-(2-BUTOXYETHOXY) ETHYL ACETATE","version":"00.00.000","category":{"@type":"Category","@id":"f1581141-87e2-3647-81ce-6fd43e3e34be","name":"unspecified"},"flowType":"ELEMENTARY_FLOW","cas":"","infrastructureFlow":false,"flowProperties":[{"@type":"FlowPropertyFactor","referenceFlowProperty":true,"flowProperty":{"@type":"FlowProperty","@id":"93a60a56-a3c8-11da-a746-0800200b9a66","name":"Mass"},"conversionFactor":1.0}]}