{"@context":"http://greendelta.github.io/olca-schema/context.jsonld","@type":"Flow","@id":"6d9d9ee9-1273-339e-8366-cf2512b5905e","name":"Chemicals (except basic chemicals, agrichemicals, polymers, paints, pharmaceuticals,soaps, cleaning compounds); at manufacturer","version":"00.00.000","category":{"@type":"Category","@id":"0705f8dc-93c5-3db4-a668-bd97b6f3a00c","name":"3259: Other Chemical Product and Preparation Manufacturing"},"flowType":"PRODUCT_FLOW","infrastructureFlow":false,"location":{"@type":"Location","@id":"0b3b97fa-6688-3c56-88ee-4ae80ec0c3c2","name":"United States"},"flowProperties":[{"@type":"FlowPropertyFactor","referenceFlowProperty":true,"flowProperty":{"@type":"FlowProperty","@id":"b0682037-e878-4be4-a63a-a7a81053a691","name":"Producer Price US 2013"},"conversionFactor":1.0}]}