{"@context":"http://greendelta.github.io/olca-schema/context.jsonld","@type":"Flow","@id":"70eadeb3-7a70-32a0-9171-5fa901d6f87b","name":"Wireless communications; at manufacturer","version":"00.00.000","category":{"@type":"Category","@id":"2ed0c193-9642-3d57-95cf-4504cdb21efb","name":"3342: Communications Equipment Manufacturing"},"flowType":"PRODUCT_FLOW","infrastructureFlow":false,"location":{"@type":"Location","@id":"0b3b97fa-6688-3c56-88ee-4ae80ec0c3c2","name":"United States"},"flowProperties":[{"@type":"FlowPropertyFactor","referenceFlowProperty":true,"flowProperty":{"@type":"FlowProperty","@id":"b0682037-e878-4be4-a63a-a7a81053a691","name":"Producer Price US 2013"},"conversionFactor":1.0}]}