{"@context":"http://greendelta.github.io/olca-schema/context.jsonld","@type":"Flow","@id":"75c80de0-a0fa-45e2-9f7b-f6fa4e4431e1","name":"Methane, dichloro-, HCC-30","version":"00.00.000","category":{"@type":"Category","@id":"9b4b2d0b-80d8-3f06-9f51-4bd649baab05","name":"unspecified"},"flowType":"ELEMENTARY_FLOW","cas":"75092.0","infrastructureFlow":false,"flowProperties":[{"@type":"FlowPropertyFactor","referenceFlowProperty":true,"flowProperty":{"@type":"FlowProperty","@id":"93a60a56-a3c8-11da-a746-0800200b9a66","name":"Mass"},"conversionFactor":1.0}]}