{"@context":"http://greendelta.github.io/olca-schema/context.jsonld","@type":"Flow","@id":"7afff5e4-65a7-369c-a48a-a4afb6b75926","name":"Specialty transformers; at manufacturer","version":"00.00.000","category":{"@type":"Category","@id":"1d9dbb6f-6572-3397-9877-6ffa53710c93","name":"3353: Electrical Equipment Manufacturing"},"flowType":"PRODUCT_FLOW","infrastructureFlow":false,"location":{"@type":"Location","@id":"0b3b97fa-6688-3c56-88ee-4ae80ec0c3c2","name":"United States"},"flowProperties":[{"@type":"FlowPropertyFactor","referenceFlowProperty":true,"flowProperty":{"@type":"FlowProperty","@id":"b0682037-e878-4be4-a63a-a7a81053a691","name":"Producer Price US 2013"},"conversionFactor":1.0}]}