{"@context":"http://greendelta.github.io/olca-schema/context.jsonld","@type":"Flow","@id":"82d862fa-1054-3899-a7e9-5d1e7dc34665","name":"Propanil","version":"00.00.000","category":{"@type":"Category","@id":"7e8d222f-7c37-3847-9c60-7b954a64ae8b","name":"groundwater"},"flowType":"ELEMENTARY_FLOW","cas":"","infrastructureFlow":false,"flowProperties":[{"@type":"FlowPropertyFactor","referenceFlowProperty":true,"flowProperty":{"@type":"FlowProperty","@id":"93a60a56-a3c8-11da-a746-0800200b9a66","name":"Mass"},"conversionFactor":1.0}]}