{"@context":"http://greendelta.github.io/olca-schema/context.jsonld","@type":"Flow","@id":"8d45c49f-2cde-3658-9e87-a81129fb349c","name":"Printed circuit and electronic assembly; at manufacturer","version":"00.00.000","category":{"@type":"Category","@id":"2fab1514-2d4a-3e7b-830a-c36d1aac109f","name":"3344: Semiconductor and Other Electronic Component Manufacturing"},"flowType":"PRODUCT_FLOW","infrastructureFlow":false,"location":{"@type":"Location","@id":"0b3b97fa-6688-3c56-88ee-4ae80ec0c3c2","name":"United States"},"flowProperties":[{"@type":"FlowPropertyFactor","referenceFlowProperty":true,"flowProperty":{"@type":"FlowProperty","@id":"b0682037-e878-4be4-a63a-a7a81053a691","name":"Producer Price US 2013"},"conversionFactor":1.0}]}