{"@context":"http://greendelta.github.io/olca-schema/context.jsonld","@type":"Flow","@id":"93c6e0db-0d33-39e9-bfca-b5394a4a93b8","name":"2,2-BIS(4-HYDROXY-3,5-DIBROMOPHENYL)PROPANE","version":"00.00.000","category":{"@type":"Category","@id":"9b4b2d0b-80d8-3f06-9f51-4bd649baab05","name":"unspecified"},"flowType":"ELEMENTARY_FLOW","cas":"79947.0","infrastructureFlow":false,"flowProperties":[{"@type":"FlowPropertyFactor","referenceFlowProperty":true,"flowProperty":{"@type":"FlowProperty","@id":"93a60a56-a3c8-11da-a746-0800200b9a66","name":"Mass"},"conversionFactor":1.0}]}