{"@context":"http://greendelta.github.io/olca-schema/context.jsonld","@type":"Flow","@id":"956d648e-ca2b-39ae-be78-f344ae6a97a6","name":"BROMOXYNIL HEPTANOATE","version":"00.00.000","category":{"@type":"Category","@id":"3843d1e7-0aec-383c-bcd0-1d88dd479774","name":"low population density"},"flowType":"ELEMENTARY_FLOW","cas":"","infrastructureFlow":false,"flowProperties":[{"@type":"FlowPropertyFactor","referenceFlowProperty":true,"flowProperty":{"@type":"FlowProperty","@id":"93a60a56-a3c8-11da-a746-0800200b9a66","name":"Mass"},"conversionFactor":1.0}]}