{"@context":"http://greendelta.github.io/olca-schema/context.jsonld","@type":"Flow","@id":"96d22913-6c2e-330b-b543-ac98cd4c2e5e","name":"Other primary nonferrous metals; at manufacturer","version":"00.00.000","category":{"@type":"Category","@id":"4f338b50-0803-3640-8634-4cf6e785f6f3","name":"3314: Nonferrous Metal (except Aluminum) Production and Processing"},"flowType":"PRODUCT_FLOW","infrastructureFlow":false,"location":{"@type":"Location","@id":"0b3b97fa-6688-3c56-88ee-4ae80ec0c3c2","name":"United States"},"flowProperties":[{"@type":"FlowPropertyFactor","referenceFlowProperty":true,"flowProperty":{"@type":"FlowProperty","@id":"b0682037-e878-4be4-a63a-a7a81053a691","name":"Producer Price US 2013"},"conversionFactor":1.0}]}