{"@context":"http://greendelta.github.io/olca-schema/context.jsonld","@type":"Flow","@id":"9b9362bc-110c-3f10-bc4f-326770fd1886","name":"Material handling equipment; at manufacturer","version":"00.00.000","category":{"@type":"Category","@id":"38c0a1d0-1b25-3242-bdab-dc7aa296bb2f","name":"3339: Other General Purpose Machinery Manufacturing"},"flowType":"PRODUCT_FLOW","infrastructureFlow":false,"location":{"@type":"Location","@id":"0b3b97fa-6688-3c56-88ee-4ae80ec0c3c2","name":"United States"},"flowProperties":[{"@type":"FlowPropertyFactor","referenceFlowProperty":true,"flowProperty":{"@type":"FlowProperty","@id":"b0682037-e878-4be4-a63a-a7a81053a691","name":"Producer Price US 2013"},"conversionFactor":1.0}]}