{"@context":"http://greendelta.github.io/olca-schema/context.jsonld","@type":"Flow","@id":"a2e22a6b-3da2-4e58-995a-d78d4c5b97ab","name":"Phthalate, dibutyl-","version":"00.00.000","category":{"@type":"Category","@id":"f1581141-87e2-3647-81ce-6fd43e3e34be","name":"unspecified"},"flowType":"ELEMENTARY_FLOW","cas":"","infrastructureFlow":false,"flowProperties":[{"@type":"FlowPropertyFactor","referenceFlowProperty":true,"flowProperty":{"@type":"FlowProperty","@id":"93a60a56-a3c8-11da-a746-0800200b9a66","name":"Mass"},"conversionFactor":1.0}]}