{"@context":"http://greendelta.github.io/olca-schema/context.jsonld","@type":"Flow","@id":"a324ab2f-bb3e-3559-af2d-3d6a41a107ae","name":"Sports","version":"00.00.000","category":{"@type":"Category","@id":"8295dc16-0966-3d1c-953a-b6a0512f622a","name":"7112: Spectator Sports"},"flowType":"PRODUCT_FLOW","infrastructureFlow":false,"location":{"@type":"Location","@id":"0b3b97fa-6688-3c56-88ee-4ae80ec0c3c2","name":"United States"},"flowProperties":[{"@type":"FlowPropertyFactor","referenceFlowProperty":true,"flowProperty":{"@type":"FlowProperty","@id":"b0682037-e878-4be4-a63a-a7a81053a691","name":"Producer Price US 2013"},"conversionFactor":1.0}]}