{"@context":"http://greendelta.github.io/olca-schema/context.jsonld","@type":"Flow","@id":"a4709243-2715-4028-ae8e-36b3a6e91cc6","name":"Fenbuconazole","version":"00.00.000","category":{"@type":"Category","@id":"9b4b2d0b-80d8-3f06-9f51-4bd649baab05","name":"unspecified"},"flowType":"ELEMENTARY_FLOW","cas":"","infrastructureFlow":false,"flowProperties":[{"@type":"FlowPropertyFactor","referenceFlowProperty":true,"flowProperty":{"@type":"FlowProperty","@id":"93a60a56-a3c8-11da-a746-0800200b9a66","name":"Mass"},"conversionFactor":1.0}]}