{"@context":"http://greendelta.github.io/olca-schema/context.jsonld","@type":"Flow","@id":"a7c0276d-d12f-362b-9992-d523fe6db63b","name":"Lessors of nonfinancial intangible assets","version":"00.00.000","category":{"@type":"Category","@id":"31318be1-d8a4-38a2-b7bf-30bffd845a14","name":"53: Real Estate and Rental and Leasing"},"flowType":"PRODUCT_FLOW","infrastructureFlow":false,"location":{"@type":"Location","@id":"0b3b97fa-6688-3c56-88ee-4ae80ec0c3c2","name":"United States"},"flowProperties":[{"@type":"FlowPropertyFactor","referenceFlowProperty":true,"flowProperty":{"@type":"FlowProperty","@id":"b0682037-e878-4be4-a63a-a7a81053a691","name":"Producer Price US 2013"},"conversionFactor":1.0}]}