{"@context":"http://greendelta.github.io/olca-schema/context.jsonld","@type":"Flow","@id":"afe0be4f-a6b2-334f-8394-8a34a6a74cec","name":"Internet publishing and broadcasting","version":"00.00.000","category":{"@type":"Category","@id":"c8c5e5e1-8678-3b20-b8a2-e5de4299ad73","name":"5191: Other Information Services"},"flowType":"PRODUCT_FLOW","infrastructureFlow":false,"location":{"@type":"Location","@id":"0b3b97fa-6688-3c56-88ee-4ae80ec0c3c2","name":"United States"},"flowProperties":[{"@type":"FlowPropertyFactor","referenceFlowProperty":true,"flowProperty":{"@type":"FlowProperty","@id":"b0682037-e878-4be4-a63a-a7a81053a691","name":"Producer Price US 2013"},"conversionFactor":1.0}]}