{"@context":"http://greendelta.github.io/olca-schema/context.jsonld","@type":"Flow","@id":"b252dd55-6dbc-3879-8a46-7afc5b9e1db4","name":"Custom metal rolls; at manufacturer","version":"00.00.000","category":{"@type":"Category","@id":"e7217b19-5415-33a2-906c-8d6f488c5ba1","name":"3321: Forging and Stamping"},"flowType":"PRODUCT_FLOW","infrastructureFlow":false,"location":{"@type":"Location","@id":"0b3b97fa-6688-3c56-88ee-4ae80ec0c3c2","name":"United States"},"flowProperties":[{"@type":"FlowPropertyFactor","referenceFlowProperty":true,"flowProperty":{"@type":"FlowProperty","@id":"b0682037-e878-4be4-a63a-a7a81053a691","name":"Producer Price US 2013"},"conversionFactor":1.0}]}