{"@context":"http://greendelta.github.io/olca-schema/context.jsonld","@type":"Flow","@id":"bcfe884f-f1e6-3178-a8be-dd28659848b7","name":"Home furniture - wood, nonupholstered; at manufacturer","version":"00.00.000","category":{"@type":"Category","@id":"559a833e-a566-311a-99e4-c0278855c2c4","name":"3371: Household and Institutional Furniture and Kitchen Cabinet Manufacturing"},"flowType":"PRODUCT_FLOW","infrastructureFlow":false,"location":{"@type":"Location","@id":"0b3b97fa-6688-3c56-88ee-4ae80ec0c3c2","name":"United States"},"flowProperties":[{"@type":"FlowPropertyFactor","referenceFlowProperty":true,"flowProperty":{"@type":"FlowProperty","@id":"b0682037-e878-4be4-a63a-a7a81053a691","name":"Producer Price US 2013"},"conversionFactor":1.0}]}