{"@context":"http://greendelta.github.io/olca-schema/context.jsonld","@type":"Flow","@id":"bec0680d-ae5e-3ac8-b514-9b3fa543d459","name":"Mattresses, blinds and shades; at manufacturer","version":"00.00.000","category":{"@type":"Category","@id":"2bae7595-3c1e-3fa2-a16e-6bf95678d27b","name":"3379: Other Furniture Related Product Manufacturing"},"flowType":"PRODUCT_FLOW","infrastructureFlow":false,"location":{"@type":"Location","@id":"0b3b97fa-6688-3c56-88ee-4ae80ec0c3c2","name":"United States"},"flowProperties":[{"@type":"FlowPropertyFactor","referenceFlowProperty":true,"flowProperty":{"@type":"FlowProperty","@id":"b0682037-e878-4be4-a63a-a7a81053a691","name":"Producer Price US 2013"},"conversionFactor":1.0}]}