{"@context":"http://greendelta.github.io/olca-schema/context.jsonld","@type":"Flow","@id":"c2247e7d-909f-393d-b7ce-9cab3e53d8ec","name":"Accounting, tax preparation, bookkeeping, and payroll","version":"00.00.000","category":{"@type":"Category","@id":"84fac091-db02-3840-90a3-f22788d1db46","name":"5412: Accounting, Tax Preparation, Bookkeeping, and Payroll Services"},"flowType":"PRODUCT_FLOW","infrastructureFlow":false,"location":{"@type":"Location","@id":"0b3b97fa-6688-3c56-88ee-4ae80ec0c3c2","name":"United States"},"flowProperties":[{"@type":"FlowPropertyFactor","referenceFlowProperty":true,"flowProperty":{"@type":"FlowProperty","@id":"b0682037-e878-4be4-a63a-a7a81053a691","name":"Producer Price US 2013"},"conversionFactor":1.0}]}