{"@context":"http://greendelta.github.io/olca-schema/context.jsonld","@type":"Flow","@id":"c3fd7b6b-749c-3a37-897c-4a57a8a06ebf","name":"Outpatient healthcare","version":"00.00.000","category":{"@type":"Category","@id":"f3b65a20-c82d-3426-8afb-8132c3effe07","name":"6214: Outpatient Care Centers"},"flowType":"PRODUCT_FLOW","infrastructureFlow":false,"location":{"@type":"Location","@id":"0b3b97fa-6688-3c56-88ee-4ae80ec0c3c2","name":"United States"},"flowProperties":[{"@type":"FlowPropertyFactor","referenceFlowProperty":true,"flowProperty":{"@type":"FlowProperty","@id":"b0682037-e878-4be4-a63a-a7a81053a691","name":"Producer Price US 2013"},"conversionFactor":1.0}]}