{"@context":"http://greendelta.github.io/olca-schema/context.jsonld","@type":"Flow","@id":"c709ee6d-318d-3098-8795-957e37e83934","name":"Custom computer programming","version":"00.00.000","category":{"@type":"Category","@id":"ba40decd-47cf-39f0-a1f7-78753e713cfe","name":"5415: Computer Systems Design and Related Services"},"flowType":"PRODUCT_FLOW","infrastructureFlow":false,"location":{"@type":"Location","@id":"0b3b97fa-6688-3c56-88ee-4ae80ec0c3c2","name":"United States"},"flowProperties":[{"@type":"FlowPropertyFactor","referenceFlowProperty":true,"flowProperty":{"@type":"FlowProperty","@id":"b0682037-e878-4be4-a63a-a7a81053a691","name":"Producer Price US 2013"},"conversionFactor":1.0}]}