{"@context":"http://greendelta.github.io/olca-schema/context.jsonld","@type":"Flow","@id":"c7a309b3-593a-39a3-8182-e3580afe43d7","name":"Light bulbs; at manufacturer","version":"00.00.000","category":{"@type":"Category","@id":"57e646d9-c4d3-30e4-ba35-fdfeb547596c","name":"3351: Electric Lighting Equipment Manufacturing"},"flowType":"PRODUCT_FLOW","infrastructureFlow":false,"location":{"@type":"Location","@id":"0b3b97fa-6688-3c56-88ee-4ae80ec0c3c2","name":"United States"},"flowProperties":[{"@type":"FlowPropertyFactor","referenceFlowProperty":true,"flowProperty":{"@type":"FlowProperty","@id":"b0682037-e878-4be4-a63a-a7a81053a691","name":"Producer Price US 2013"},"conversionFactor":1.0}]}