{"@context":"http://greendelta.github.io/olca-schema/context.jsonld","@type":"Flow","@id":"c95c070f-f0d6-3e11-bb4d-1409ce7166ae","name":"Other educational services","version":"00.00.000","category":{"@type":"Category","@id":"1d5d4195-d455-3eef-8321-4a2e8de8171e","name":"61: Educational Services"},"flowType":"PRODUCT_FLOW","infrastructureFlow":false,"location":{"@type":"Location","@id":"0b3b97fa-6688-3c56-88ee-4ae80ec0c3c2","name":"United States"},"flowProperties":[{"@type":"FlowPropertyFactor","referenceFlowProperty":true,"flowProperty":{"@type":"FlowProperty","@id":"b0682037-e878-4be4-a63a-a7a81053a691","name":"Producer Price US 2013"},"conversionFactor":1.0}]}