{"@context":"http://greendelta.github.io/olca-schema/context.jsonld","@type":"Flow","@id":"cc0cf5af-e226-3471-958b-f16cf6697bd5","name":"Synthetic rubber and artificial and synthetic fibers; at manufacturer","version":"00.00.000","category":{"@type":"Category","@id":"b2f7c041-71b1-3787-9e0e-617e9b7390e8","name":"3252: Resin, Synthetic Rubber, and Artificial Synthetic Fibers and Filaments Manufacturing"},"flowType":"PRODUCT_FLOW","infrastructureFlow":false,"location":{"@type":"Location","@id":"0b3b97fa-6688-3c56-88ee-4ae80ec0c3c2","name":"United States"},"flowProperties":[{"@type":"FlowPropertyFactor","referenceFlowProperty":true,"flowProperty":{"@type":"FlowProperty","@id":"b0682037-e878-4be4-a63a-a7a81053a691","name":"Producer Price US 2013"},"conversionFactor":1.0}]}