{"@context":"http://greendelta.github.io/olca-schema/context.jsonld","@type":"Flow","@id":"d3349901-2322-3600-9638-c9de2345637b","name":"Asphalt shingles; at manufacturer","version":"00.00.000","category":{"@type":"Category","@id":"fad87d56-559c-3cfe-9da7-5c02c4ca5355","name":"3241: Petroleum and Coal Products Manufacturing"},"flowType":"PRODUCT_FLOW","infrastructureFlow":false,"location":{"@type":"Location","@id":"0b3b97fa-6688-3c56-88ee-4ae80ec0c3c2","name":"United States"},"flowProperties":[{"@type":"FlowPropertyFactor","referenceFlowProperty":true,"flowProperty":{"@type":"FlowProperty","@id":"b0682037-e878-4be4-a63a-a7a81053a691","name":"Producer Price US 2013"},"conversionFactor":1.0}]}