{"@context":"http://greendelta.github.io/olca-schema/context.jsonld","@type":"Flow","@id":"d662896d-1d9e-3a60-9572-7406d1c44389","name":"Grantmaking, giving, and social advocacy organizations","version":"00.00.000","category":{"@type":"Category","@id":"98ec10c7-cadc-3279-88ed-ea4db4887bb8","name":"81: Other Services (except Public Administration)"},"flowType":"PRODUCT_FLOW","infrastructureFlow":false,"location":{"@type":"Location","@id":"0b3b97fa-6688-3c56-88ee-4ae80ec0c3c2","name":"United States"},"flowProperties":[{"@type":"FlowPropertyFactor","referenceFlowProperty":true,"flowProperty":{"@type":"FlowProperty","@id":"b0682037-e878-4be4-a63a-a7a81053a691","name":"Producer Price US 2013"},"conversionFactor":1.0}]}