{"@context":"http://greendelta.github.io/olca-schema/context.jsonld","@type":"Flow","@id":"da3b45a1-678b-35db-99e8-5c339c0b456c","name":"2,4-D, 2-ETHYLHEXYL ESTER","version":"00.00.000","category":{"@type":"Category","@id":"f1581141-87e2-3647-81ce-6fd43e3e34be","name":"unspecified"},"flowType":"ELEMENTARY_FLOW","cas":"1928434.0","infrastructureFlow":false,"flowProperties":[{"@type":"FlowPropertyFactor","referenceFlowProperty":true,"flowProperty":{"@type":"FlowProperty","@id":"93a60a56-a3c8-11da-a746-0800200b9a66","name":"Mass"},"conversionFactor":1.0}]}