{"@context":"http://greendelta.github.io/olca-schema/context.jsonld","@type":"Flow","@id":"edd775ad-4344-3b2b-89a4-45a2874425c7","name":"Home laundry machines; at manufacturer","version":"00.00.000","category":{"@type":"Category","@id":"31da99d2-57e1-39d9-83ea-54a280ac1683","name":"3352: Household Appliance Manufacturing"},"flowType":"PRODUCT_FLOW","infrastructureFlow":false,"location":{"@type":"Location","@id":"0b3b97fa-6688-3c56-88ee-4ae80ec0c3c2","name":"United States"},"flowProperties":[{"@type":"FlowPropertyFactor","referenceFlowProperty":true,"flowProperty":{"@type":"FlowProperty","@id":"b0682037-e878-4be4-a63a-a7a81053a691","name":"Producer Price US 2013"},"conversionFactor":1.0}]}