{"@context":"http://greendelta.github.io/olca-schema/context.jsonld","@type":"Flow","@id":"fa14cccc-cfd5-3e25-8e18-fba57ccd15a6","name":"2-PHENYLPHENOL","version":"00.00.000","category":{"@type":"Category","@id":"f1581141-87e2-3647-81ce-6fd43e3e34be","name":"unspecified"},"flowType":"ELEMENTARY_FLOW","cas":"90437.0","infrastructureFlow":false,"flowProperties":[{"@type":"FlowPropertyFactor","referenceFlowProperty":true,"flowProperty":{"@type":"FlowProperty","@id":"93a60a56-a3c8-11da-a746-0800200b9a66","name":"Mass"},"conversionFactor":1.0}]}