{"@context":"http://greendelta.github.io/olca-schema/context.jsonld","@type":"Flow","@id":"fba7dbfb-17a5-3fdb-a0aa-2f721cce550a","name":"Healthcare practitioners (except physicians and dentists)","version":"00.00.000","category":{"@type":"Category","@id":"24298978-fa2f-38a5-9aa2-2a24b26df605","name":"6213: Offices of Other Health Practitioners"},"flowType":"PRODUCT_FLOW","infrastructureFlow":false,"location":{"@type":"Location","@id":"0b3b97fa-6688-3c56-88ee-4ae80ec0c3c2","name":"United States"},"flowProperties":[{"@type":"FlowPropertyFactor","referenceFlowProperty":true,"flowProperty":{"@type":"FlowProperty","@id":"b0682037-e878-4be4-a63a-a7a81053a691","name":"Producer Price US 2013"},"conversionFactor":1.0}]}