{"@context":"http://greendelta.github.io/olca-schema/context.jsonld","@type":"Flow","@id":"feea315d-fc0c-3e23-a9bc-93d45426d93e","name":"Dairies","version":"00.00.000","category":{"@type":"Category","@id":"5053b940-4796-3c17-a415-59774756c6cc","name":"1121: Cattle Ranching and Farming"},"flowType":"PRODUCT_FLOW","infrastructureFlow":false,"location":{"@type":"Location","@id":"0b3b97fa-6688-3c56-88ee-4ae80ec0c3c2","name":"United States"},"flowProperties":[{"@type":"FlowPropertyFactor","referenceFlowProperty":true,"flowProperty":{"@type":"FlowProperty","@id":"b0682037-e878-4be4-a63a-a7a81053a691","name":"Producer Price US 2013"},"conversionFactor":1.0}]}