{"@context":"http://greendelta.github.io/olca-schema/context.jsonld","@type":"Flow","@id":"8849be54-1b13-4d7e-85f6-2297817333f2","name":"Crude oil","description":"","version":"00.00.002","lastChange":"2022-08-31T14:40:59.803-06:00","category":{"@type":"Category","@id":"e1340bc4-6a33-3f32-9cc9-57d37ff98b02","name":"resources","categoryPath":["Elementary flows"],"categoryType":"Flow"},"flowType":"ELEMENTARY_FLOW","infrastructureFlow":false,"location":{"@type":"Location","@id":"64ca6097-2a6e-3926-91c4-b9d31080c687","name":"Djibouti"},"flowProperties":[{"@type":"FlowPropertyFactor","referenceFlowProperty":true,"flowProperty":{"@type":"FlowProperty","@id":"65d0b9d1-3295-4e2d-8b1c-71ef05c71fe2","name":"Mass"},"conversionFactor":1.0}]}