{"@context":"http://greendelta.github.io/olca-schema/context.jsonld","@type":"Flow","@id":"b806c2cd-d563-43c4-a0c9-9c7dd5d513d3","name":"Bottle","description":"","version":"00.00.004","lastChange":"2022-09-01T10:11:58.983-06:00","category":{"@type":"Category","@id":"25c40298-5966-3a35-8aa2-6d1c2fb3cb9e","name":"Assemblers","categoryPath":["Technosphere flows"],"categoryType":"Flow"},"flowType":"PRODUCT_FLOW","infrastructureFlow":false,"location":{"@type":"Location","@id":"64ca6097-2a6e-3926-91c4-b9d31080c687","name":"Djibouti"},"flowProperties":[{"@type":"FlowPropertyFactor","referenceFlowProperty":true,"flowProperty":{"@type":"FlowProperty","@id":"3dd91fe1-4e43-4e95-946a-eed9351aaecf","name":"Item"},"conversionFactor":1.0}]}