{"@context":"http://greendelta.github.io/olca-schema/context.jsonld","@type":"Flow","@id":"cd154d8f-0694-43b2-b4ab-e44101e122bd","name":"Bad stuff","description":"","version":"00.00.002","lastChange":"2022-08-31T14:40:59.999-06:00","category":{"@type":"Category","@id":"c15233df-8be1-3e42-8f4f-6d1ef526f2d2","name":"emissions","categoryPath":["Elementary flows"],"categoryType":"Flow"},"flowType":"ELEMENTARY_FLOW","infrastructureFlow":false,"location":{"@type":"Location","@id":"64ca6097-2a6e-3926-91c4-b9d31080c687","name":"Djibouti"},"flowProperties":[{"@type":"FlowPropertyFactor","referenceFlowProperty":true,"flowProperty":{"@type":"FlowProperty","@id":"65d0b9d1-3295-4e2d-8b1c-71ef05c71fe2","name":"Mass"},"conversionFactor":1.0}]}