{"@context":"http://greendelta.github.io/olca-schema/context.jsonld","@type":"Source","@id":"3fc2b68d-065b-48f4-9793-64cb79d52144","name":"BLM 2008","description":"2007 Public Land Statistics (No. BLM/OC/ST-08/001+1165).","version":"00.00.001","lastChange":"2017-05-08T15:35:57.929-04:00","url":"https://www.blm.gov/public_land_statistics/pls07/pls07.pdf","textReference":"BLM, 2008. 2007 Public Land Statistics (No. BLM/OC/ST-08/001+1165). U.S. Department of Interior, Bureau of Land Management, Washington DC.","year":2008}