{"@context":"http://greendelta.github.io/olca-schema/context.jsonld","@type":"Source","@id":"40a89d02-9639-47d3-ac10-7f1d5fef9208","name":"Bare 2012","description":"","version":"00.00.001","lastChange":"2017-08-18T22:08:29.398-04:00","url":"https://cfpub.epa.gov/si/si_public_record_report.cfm?dirEntryId\u003d274755\u0026simpleSearch\u003d0\u0026showCriteria\u003d2\u0026searchAll\u003dTRACI\u0026TIMSType\u003d\u0026dateBeginPublishedPresented\u003d08%2F18%2F2007","textReference":"Bare, J., 2012. Tool for the Reduction and Assessment of Chemical and other Environmental Impacts (TRACI): TRACI Version 2.1 - User’s Manual. National Risk Management Laboratory, U.S. Environmental Protection Agency, Cincinnati, OH.","year":2012}