{"@context":"http://greendelta.github.io/olca-schema/context.jsonld","@type":"Source","@id":"b56da363-844c-42a0-adbe-c0f750315025","name":"Blackhurst et al. 2010","description":"Direct and indirect water withdrawals for US industrial sectors","version":"00.00.001","lastChange":"2017-05-08T15:57:03.711-04:00","url":"http://pubs.acs.org/doi/ipdf/10.1021/es903147k","textReference":"Blackhurst, B.M., Hendrickson, C., Vidal, J.S. i, 2010. Direct and indirect water withdrawals for US industrial sectors. Environ. Sci. Technol. 44, 2126–2130.","year":2010}