{"@context":"http://greendelta.github.io/olca-schema/context.jsonld","@type":"Process","@id":"7e5ec332-09fd-4706-8373-3f140a539028","name":"Stainless steel manufacturing","description":"","version":"00.00.007","lastChange":"2022-09-20T16:45:50.973-06:00","category":{"@type":"Category","@id":"58b4d8af-f0da-3d65-8c64-9b95d3db7978","name":"Manufacturers","categoryType":"Process"},"processType":"UNIT_PROCESS","defaultAllocationMethod":"PHYSICAL_ALLOCATION","infrastructureProcess":false,"location":{"@type":"Location","@id":"64ca6097-2a6e-3926-91c4-b9d31080c687","name":"Djibouti"},"processDocumentation":{"@type":"ProcessDocumentation","copyright":false,"creationDate":"2022-08-29T17:49:15.621-06:00"},"lastInternalId":3,"exchanges":[{"@type":"Exchange","avoidedProduct":false,"input":false,"amount":1.0,"internalId":1,"flow":{"@type":"Flow","@id":"3355a1b9-8fbf-40de-b449-ea6399a8a323","name":"Stainless steel","categoryPath":["Technosphere flows","Manufacturers"],"flowType":"PRODUCT_FLOW","location":"DJ","refUnit":"kg"},"unit":{"@type":"Unit","@id":"027023c8-b17c-42f9-babe-893b69d48254","name":"kg"},"flowProperty":{"@type":"FlowProperty","@id":"65d0b9d1-3295-4e2d-8b1c-71ef05c71fe2","name":"Mass"},"quantitativeReference":true},{"@type":"Exchange","avoidedProduct":false,"input":true,"amount":1.0,"internalId":2,"flow":{"@type":"Flow","@id":"7528830a-7344-43be-b484-ac4dc625f272","name":"Virgin metals","categoryPath":["Elementary flows","resources"],"flowType":"ELEMENTARY_FLOW","location":"DJ","refUnit":"kg"},"unit":{"@type":"Unit","@id":"027023c8-b17c-42f9-babe-893b69d48254","name":"kg"},"flowProperty":{"@type":"FlowProperty","@id":"65d0b9d1-3295-4e2d-8b1c-71ef05c71fe2","name":"Mass"}},{"@type":"Exchange","avoidedProduct":false,"input":false,"amount":3.0,"internalId":3,"flow":{"@type":"Flow","@id":"cd154d8f-0694-43b2-b4ab-e44101e122bd","name":"Bad stuff","categoryPath":["Elementary flows","emissions"],"flowType":"ELEMENTARY_FLOW","location":"DJ","refUnit":"kg"},"unit":{"@type":"Unit","@id":"027023c8-b17c-42f9-babe-893b69d48254","name":"kg"},"flowProperty":{"@type":"FlowProperty","@id":"65d0b9d1-3295-4e2d-8b1c-71ef05c71fe2","name":"Mass"}}]}