{"@context":"http://greendelta.github.io/olca-schema/context.jsonld","@type":"Process","@id":"fae6799b-7326-452c-92b3-76758bbcac22","name":"Bottle assembly","description":"","version":"00.00.008","lastChange":"2022-09-22T16:03:28.420-06:00","category":{"@type":"Category","@id":"31185b20-e186-3ee5-b229-0a909930beb1","name":"Assemblers","categoryType":"Process"},"processType":"UNIT_PROCESS","defaultAllocationMethod":"PHYSICAL_ALLOCATION","infrastructureProcess":false,"location":{"@type":"Location","@id":"64ca6097-2a6e-3926-91c4-b9d31080c687","name":"Djibouti"},"processDocumentation":{"@type":"ProcessDocumentation","copyright":false,"creationDate":"2022-08-29T17:56:02.121-06:00"},"lastInternalId":5,"exchanges":[{"@type":"Exchange","avoidedProduct":false,"input":false,"amount":1.0,"internalId":1,"flow":{"@type":"Flow","@id":"b806c2cd-d563-43c4-a0c9-9c7dd5d513d3","name":"Bottle","categoryPath":["Technosphere flows","Assemblers"],"flowType":"PRODUCT_FLOW","location":"DJ","refUnit":"number_of_items"},"unit":{"@type":"Unit","@id":"135e77fc-a118-4bde-9291-044a6388948b","name":"number_of_items"},"flowProperty":{"@type":"FlowProperty","@id":"3dd91fe1-4e43-4e95-946a-eed9351aaecf","name":"Item"},"quantitativeReference":true},{"@type":"Exchange","avoidedProduct":false,"input":true,"amount":0.25,"internalId":2,"flow":{"@type":"Flow","@id":"62714200-1a0d-43fb-9b48-99df3f233c94","name":"Plastic","categoryPath":["Technosphere flows","Manufacturers"],"flowType":"PRODUCT_FLOW","location":"DJ","refUnit":"kg"},"unit":{"@type":"Unit","@id":"027023c8-b17c-42f9-babe-893b69d48254","name":"kg"},"flowProperty":{"@type":"FlowProperty","@id":"65d0b9d1-3295-4e2d-8b1c-71ef05c71fe2","name":"Mass"}},{"@type":"Exchange","avoidedProduct":false,"input":false,"amount":0.1,"internalId":4,"flow":{"@type":"Flow","@id":"cd154d8f-0694-43b2-b4ab-e44101e122bd","name":"Bad stuff","categoryPath":["Elementary flows","emissions"],"flowType":"ELEMENTARY_FLOW","location":"DJ","refUnit":"kg"},"unit":{"@type":"Unit","@id":"027023c8-b17c-42f9-babe-893b69d48254","name":"kg"},"flowProperty":{"@type":"FlowProperty","@id":"65d0b9d1-3295-4e2d-8b1c-71ef05c71fe2","name":"Mass"}},{"@type":"Exchange","avoidedProduct":false,"input":true,"amount":0.3,"internalId":3,"flow":{"@type":"Flow","@id":"3355a1b9-8fbf-40de-b449-ea6399a8a323","name":"Stainless steel","categoryPath":["Technosphere flows","Manufacturers"],"flowType":"PRODUCT_FLOW","location":"DJ","refUnit":"kg"},"unit":{"@type":"Unit","@id":"027023c8-b17c-42f9-babe-893b69d48254","name":"kg"},"flowProperty":{"@type":"FlowProperty","@id":"65d0b9d1-3295-4e2d-8b1c-71ef05c71fe2","name":"Mass"}},{"@type":"Exchange","avoidedProduct":false,"input":false,"amount":1.0,"internalId":5,"flow":{"@type":"Flow","@id":"62714200-1a0d-43fb-9b48-99df3f233c94","name":"Plastic","categoryPath":["Technosphere flows","Manufacturers"],"flowType":"PRODUCT_FLOW","location":"DJ","refUnit":"kg"},"unit":{"@type":"Unit","@id":"027023c8-b17c-42f9-babe-893b69d48254","name":"kg"},"flowProperty":{"@type":"FlowProperty","@id":"65d0b9d1-3295-4e2d-8b1c-71ef05c71fe2","name":"Mass"}}],"allocationFactors":[{"@type":"AllocationFactor","allocationType":"PHYSICAL_ALLOCATION","product":{"@type":"Flow","@id":"b806c2cd-d563-43c4-a0c9-9c7dd5d513d3","name":"Bottle","categoryPath":["Technosphere flows","Assemblers"],"flowType":"PRODUCT_FLOW","location":"DJ","refUnit":"number_of_items"},"value":1.0},{"@type":"AllocationFactor","allocationType":"CAUSAL_ALLOCATION","exchange":{"@type":"Exchange","internalId":2,"flow":{"@type":"Flow","@id":"62714200-1a0d-43fb-9b48-99df3f233c94","name":"Plastic","categoryPath":["Technosphere flows","Manufacturers"],"flowType":"PRODUCT_FLOW","location":"DJ","refUnit":"kg"}},"product":{"@type":"Flow","@id":"b806c2cd-d563-43c4-a0c9-9c7dd5d513d3","name":"Bottle","categoryPath":["Technosphere flows","Assemblers"],"flowType":"PRODUCT_FLOW","location":"DJ","refUnit":"number_of_items"},"value":1.0},{"@type":"AllocationFactor","allocationType":"ECONOMIC_ALLOCATION","product":{"@type":"Flow","@id":"b806c2cd-d563-43c4-a0c9-9c7dd5d513d3","name":"Bottle","categoryPath":["Technosphere flows","Assemblers"],"flowType":"PRODUCT_FLOW","location":"DJ","refUnit":"number_of_items"},"value":1.0},{"@type":"AllocationFactor","allocationType":"CAUSAL_ALLOCATION","exchange":{"@type":"Exchange","internalId":3,"flow":{"@type":"Flow","@id":"3355a1b9-8fbf-40de-b449-ea6399a8a323","name":"Stainless steel","categoryPath":["Technosphere flows","Manufacturers"],"flowType":"PRODUCT_FLOW","location":"DJ","refUnit":"kg"}},"product":{"@type":"Flow","@id":"b806c2cd-d563-43c4-a0c9-9c7dd5d513d3","name":"Bottle","categoryPath":["Technosphere flows","Assemblers"],"flowType":"PRODUCT_FLOW","location":"DJ","refUnit":"number_of_items"},"value":1.0},{"@type":"AllocationFactor","allocationType":"ECONOMIC_ALLOCATION","product":{"@type":"Flow","@id":"62714200-1a0d-43fb-9b48-99df3f233c94","name":"Plastic","categoryPath":["Technosphere flows","Manufacturers"],"flowType":"PRODUCT_FLOW","location":"DJ","refUnit":"kg"},"value":0.0},{"@type":"AllocationFactor","allocationType":"CAUSAL_ALLOCATION","exchange":{"@type":"Exchange","internalId":4,"flow":{"@type":"Flow","@id":"cd154d8f-0694-43b2-b4ab-e44101e122bd","name":"Bad stuff","categoryPath":["Elementary flows","emissions"],"flowType":"ELEMENTARY_FLOW","location":"DJ","refUnit":"kg"}},"product":{"@type":"Flow","@id":"b806c2cd-d563-43c4-a0c9-9c7dd5d513d3","name":"Bottle","categoryPath":["Technosphere flows","Assemblers"],"flowType":"PRODUCT_FLOW","location":"DJ","refUnit":"number_of_items"},"value":1.0},{"@type":"AllocationFactor","allocationType":"CAUSAL_ALLOCATION","exchange":{"@type":"Exchange","internalId":4,"flow":{"@type":"Flow","@id":"cd154d8f-0694-43b2-b4ab-e44101e122bd","name":"Bad stuff","categoryPath":["Elementary flows","emissions"],"flowType":"ELEMENTARY_FLOW","location":"DJ","refUnit":"kg"}},"product":{"@type":"Flow","@id":"62714200-1a0d-43fb-9b48-99df3f233c94","name":"Plastic","categoryPath":["Technosphere flows","Manufacturers"],"flowType":"PRODUCT_FLOW","location":"DJ","refUnit":"kg"},"value":0.0},{"@type":"AllocationFactor","allocationType":"PHYSICAL_ALLOCATION","product":{"@type":"Flow","@id":"62714200-1a0d-43fb-9b48-99df3f233c94","name":"Plastic","categoryPath":["Technosphere flows","Manufacturers"],"flowType":"PRODUCT_FLOW","location":"DJ","refUnit":"kg"},"value":0.0},{"@type":"AllocationFactor","allocationType":"CAUSAL_ALLOCATION","exchange":{"@type":"Exchange","internalId":3,"flow":{"@type":"Flow","@id":"3355a1b9-8fbf-40de-b449-ea6399a8a323","name":"Stainless steel","categoryPath":["Technosphere flows","Manufacturers"],"flowType":"PRODUCT_FLOW","location":"DJ","refUnit":"kg"}},"product":{"@type":"Flow","@id":"62714200-1a0d-43fb-9b48-99df3f233c94","name":"Plastic","categoryPath":["Technosphere flows","Manufacturers"],"flowType":"PRODUCT_FLOW","location":"DJ","refUnit":"kg"},"value":0.0},{"@type":"AllocationFactor","allocationType":"CAUSAL_ALLOCATION","exchange":{"@type":"Exchange","internalId":2,"flow":{"@type":"Flow","@id":"62714200-1a0d-43fb-9b48-99df3f233c94","name":"Plastic","categoryPath":["Technosphere flows","Manufacturers"],"flowType":"PRODUCT_FLOW","location":"DJ","refUnit":"kg"}},"product":{"@type":"Flow","@id":"62714200-1a0d-43fb-9b48-99df3f233c94","name":"Plastic","categoryPath":["Technosphere flows","Manufacturers"],"flowType":"PRODUCT_FLOW","location":"DJ","refUnit":"kg"},"value":0.0}]}