{"@context":"http://greendelta.github.io/olca-schema/context.jsonld","@type":"Process","@id":"2fc6deea-6437-4b9f-bf91-89bca44d30f0","name":"Plastic manufacturing","description":"","version":"00.00.006","lastChange":"2022-09-20T16:46:23.242-06:00","category":{"@type":"Category","@id":"58b4d8af-f0da-3d65-8c64-9b95d3db7978","name":"Manufacturers","categoryType":"Process"},"processType":"UNIT_PROCESS","defaultAllocationMethod":"PHYSICAL_ALLOCATION","infrastructureProcess":false,"location":{"@type":"Location","@id":"64ca6097-2a6e-3926-91c4-b9d31080c687","name":"Djibouti"},"processDocumentation":{"@type":"ProcessDocumentation","copyright":false,"creationDate":"2022-08-29T17:47:32.435-06:00"},"lastInternalId":3,"exchanges":[{"@type":"Exchange","avoidedProduct":false,"input":false,"amount":1.0,"internalId":1,"flow":{"@type":"Flow","@id":"62714200-1a0d-43fb-9b48-99df3f233c94","name":"Plastic","categoryPath":["Technosphere flows","Manufacturers"],"flowType":"PRODUCT_FLOW","location":"DJ","refUnit":"kg"},"unit":{"@type":"Unit","@id":"027023c8-b17c-42f9-babe-893b69d48254","name":"kg"},"flowProperty":{"@type":"FlowProperty","@id":"65d0b9d1-3295-4e2d-8b1c-71ef05c71fe2","name":"Mass"},"quantitativeReference":true},{"@type":"Exchange","avoidedProduct":false,"input":false,"amount":2.0,"internalId":3,"flow":{"@type":"Flow","@id":"cd154d8f-0694-43b2-b4ab-e44101e122bd","name":"Bad stuff","categoryPath":["Elementary flows","emissions"],"flowType":"ELEMENTARY_FLOW","location":"DJ","refUnit":"kg"},"unit":{"@type":"Unit","@id":"027023c8-b17c-42f9-babe-893b69d48254","name":"kg"},"flowProperty":{"@type":"FlowProperty","@id":"65d0b9d1-3295-4e2d-8b1c-71ef05c71fe2","name":"Mass"}},{"@type":"Exchange","avoidedProduct":false,"input":true,"amount":1.0,"internalId":2,"flow":{"@type":"Flow","@id":"8849be54-1b13-4d7e-85f6-2297817333f2","name":"Crude oil","categoryPath":["Elementary flows","resources"],"flowType":"ELEMENTARY_FLOW","location":"DJ","refUnit":"kg"},"unit":{"@type":"Unit","@id":"027023c8-b17c-42f9-babe-893b69d48254","name":"kg"},"flowProperty":{"@type":"FlowProperty","@id":"65d0b9d1-3295-4e2d-8b1c-71ef05c71fe2","name":"Mass"}}]}