{"@context":"http://greendelta.github.io/olca-schema/context.jsonld","@type":"Flow","@id":"62714200-1a0d-43fb-9b48-99df3f233c94","name":"Plastic","description":"","version":"00.00.002","lastChange":"2022-08-31T14:40:59.758-06:00","category":{"@type":"Category","@id":"abc13da7-0ff1-35d2-baac-a9997c8a6e9e","name":"Manufacturers","categoryPath":["Technosphere flows"],"categoryType":"Flow"},"flowType":"PRODUCT_FLOW","infrastructureFlow":false,"location":{"@type":"Location","@id":"64ca6097-2a6e-3926-91c4-b9d31080c687","name":"Djibouti"},"flowProperties":[{"@type":"FlowPropertyFactor","referenceFlowProperty":true,"flowProperty":{"@type":"FlowProperty","@id":"65d0b9d1-3295-4e2d-8b1c-71ef05c71fe2","name":"Mass"},"conversionFactor":1.0}]}