{"@context":"http://greendelta.github.io/olca-schema/context.jsonld","@type":"ImpactCategory","@id":"e5bee672-ac2b-366c-945b-bf6dfa3ad11d","name":"ENRG","description":"Energy","version":"00.00.000","referenceUnitName":"MJ","impactFactors":[{"@type":"ImpactFactor","value":1.0,"flow":{"@type":"Flow","@id":"e3d2296b-80fa-3ef5-b1a2-df3f2cb8f898","name":"Crude oil","flowType":"ELEMENTARY_FLOW"},"unit":{"@type":"Unit","@id":"52765a6c-3896-43c2-b2f4-c679acf13efe","name":"MJ"},"flowProperty":{"@type":"FlowProperty","@id":"f6811440-ee37-11de-8a39-0800200c9a66","name":"Energy"}},{"@type":"ImpactFactor","value":1.0,"flow":{"@type":"Flow","@id":"ce5e0676-8178-375b-aeba-af5dedfc14d3","name":"Energy, nuclear fission","flowType":"ELEMENTARY_FLOW"},"unit":{"@type":"Unit","@id":"52765a6c-3896-43c2-b2f4-c679acf13efe","name":"MJ"},"flowProperty":{"@type":"FlowProperty","@id":"f6811440-ee37-11de-8a39-0800200c9a66","name":"Energy"}},{"@type":"ImpactFactor","value":1.0,"flow":{"@type":"Flow","@id":"7513e125-923a-3ce5-afd0-83b6be7c1d25","name":"Natural gas liquids","flowType":"ELEMENTARY_FLOW"},"unit":{"@type":"Unit","@id":"52765a6c-3896-43c2-b2f4-c679acf13efe","name":"MJ"},"flowProperty":{"@type":"FlowProperty","@id":"f6811440-ee37-11de-8a39-0800200c9a66","name":"Energy"}},{"@type":"ImpactFactor","value":1.0,"flow":{"@type":"Flow","@id":"09c4e177-a9a2-333b-b872-0eb23e9e9604","name":"Energy, biomass","flowType":"ELEMENTARY_FLOW"},"unit":{"@type":"Unit","@id":"52765a6c-3896-43c2-b2f4-c679acf13efe","name":"MJ"},"flowProperty":{"@type":"FlowProperty","@id":"f6811440-ee37-11de-8a39-0800200c9a66","name":"Energy"}},{"@type":"ImpactFactor","value":1.0,"flow":{"@type":"Flow","@id":"dfc69ade-92a1-3ba5-b951-109733d95cd9","name":"Energy, solar","flowType":"ELEMENTARY_FLOW"},"unit":{"@type":"Unit","@id":"52765a6c-3896-43c2-b2f4-c679acf13efe","name":"MJ"},"flowProperty":{"@type":"FlowProperty","@id":"f6811440-ee37-11de-8a39-0800200c9a66","name":"Energy"}},{"@type":"ImpactFactor","value":1.0,"flow":{"@type":"Flow","@id":"f14f4491-9995-30c8-9be7-0dacc2bbfce5","name":"Energy, hydraulic potential","flowType":"ELEMENTARY_FLOW"},"unit":{"@type":"Unit","@id":"52765a6c-3896-43c2-b2f4-c679acf13efe","name":"MJ"},"flowProperty":{"@type":"FlowProperty","@id":"f6811440-ee37-11de-8a39-0800200c9a66","name":"Energy"}},{"@type":"ImpactFactor","value":1.0,"flow":{"@type":"Flow","@id":"f398c552-8ef6-31e3-81e1-ab858d2faac0","name":"Natural gas, dry","flowType":"ELEMENTARY_FLOW"},"unit":{"@type":"Unit","@id":"52765a6c-3896-43c2-b2f4-c679acf13efe","name":"MJ"},"flowProperty":{"@type":"FlowProperty","@id":"f6811440-ee37-11de-8a39-0800200c9a66","name":"Energy"}},{"@type":"ImpactFactor","value":1.0,"flow":{"@type":"Flow","@id":"1ece2361-87e0-355c-a702-ff268570ca3e","name":"Coal","flowType":"ELEMENTARY_FLOW"},"unit":{"@type":"Unit","@id":"52765a6c-3896-43c2-b2f4-c679acf13efe","name":"MJ"},"flowProperty":{"@type":"FlowProperty","@id":"f6811440-ee37-11de-8a39-0800200c9a66","name":"Energy"}},{"@type":"ImpactFactor","value":1.0,"flow":{"@type":"Flow","@id":"525a373a-a781-3798-ab69-3e0cdc6046d9","name":"Energy, wind","flowType":"ELEMENTARY_FLOW"},"unit":{"@type":"Unit","@id":"52765a6c-3896-43c2-b2f4-c679acf13efe","name":"MJ"},"flowProperty":{"@type":"FlowProperty","@id":"f6811440-ee37-11de-8a39-0800200c9a66","name":"Energy"}}]}