{"@context":"http://greendelta.github.io/olca-schema/context.jsonld","@type":"ImpactCategory","@id":"6ff74fb6-3d8e-4c2e-ba7e-64e2fd4376c4","name":"Global warming","version":"00.00.000","referenceUnitName":"kg CO2 eq","impactFactors":[{"@type":"ImpactFactor","value":2.0,"flow":{"@type":"Flow","@id":"cd154d8f-0694-43b2-b4ab-e44101e122bd","name":"Bad stuff","categoryPath":["Elementary flows","emissions"],"flowType":"ELEMENTARY_FLOW","location":"DJ","refUnit":"kg"},"unit":{"@type":"Unit","@id":"027023c8-b17c-42f9-babe-893b69d48254","name":"kg"},"flowProperty":{"@type":"FlowProperty","@id":"65d0b9d1-3295-4e2d-8b1c-71ef05c71fe2","name":"Mass"}}]}